[{"pos_x": 99.5, "pos_y": -73.5, "rotation": 0.0, "side": "top", "designator": "C2", "mpn": null, "pack": "C_Disc_D5.0mm_W2.5mm_P2.50mm", "value": "10uF", "mount_type": "tht", "place": true}, {"pos_x": 114.5, "pos_y": -37.0, "rotation": 90.0, "side": "top", "designator": "C4", "mpn": null, "pack": "C_Disc_D5.0mm_W2.5mm_P2.50mm", "value": "10uF", "mount_type": "tht", "place": true}, {"pos_x": 114.75, "pos_y": -75.0, "rotation": 90.0, "side": "top", "designator": "C5", "mpn": null, "pack": "C_Disc_D5.0mm_W2.5mm_P2.50mm", "value": "10uF", "mount_type": "tht", "place": true}, {"pos_x": 60.5, "pos_y": -48.0, "rotation": 90.0, "side": "top", "designator": "C6", "mpn": null, "pack": "CP_Radial_D5.0mm_P2.00mm", "value": "47uF", "mount_type": "tht", "place": true}, {"pos_x": 55.5, "pos_y": -56.5, "rotation": 90.0, "side": "top", "designator": "C7", "mpn": null, "pack": "C_Disc_D5.0mm_W2.5mm_P2.50mm", "value": "10uF", "mount_type": "tht", "place": true}, {"pos_x": 60.5, "pos_y": -62.5, "rotation": -90.0, "side": "top", "designator": "C8", "mpn": null, "pack": "CP_Radial_D5.0mm_P2.00mm", "value": "47uF", "mount_type": "tht", "place": true}, {"pos_x": 121.0, "pos_y": -51.25, "rotation": -90.0, "side": "top", "designator": "D1", "mpn": null, "pack": "D_DO-35_SOD27_P7.62mm_Horizontal", "value": "1N5241B-TR", "mount_type": "tht", "place": true}, {"pos_x": 47.0, "pos_y": -42.0, "rotation": -90.0, "side": "top", "designator": "D2", "mpn": null, "pack": "D_DO-35_SOD27_P7.62mm_Horizontal", "value": "1N4148", "mount_type": "tht", "place": true}, {"pos_x": 47.0, "pos_y": -60.88, "rotation": -90.0, "side": "top", "designator": "D3", "mpn": null, "pack": "D_DO-35_SOD27_P7.62mm_Horizontal", "value": "1N4148", "mount_type": "tht", "place": true}, {"pos_x": 53.0, "pos_y": -42.0, "rotation": -90.0, "side": "top", "designator": "D4", "mpn": null, "pack": "D_DO-35_SOD27_P7.62mm_Horizontal", "value": "1N4148", "mount_type": "tht", "place": true}, {"pos_x": 53.0, "pos_y": -61.0, "rotation": -90.0, "side": "top", "designator": "D5", "mpn": null, "pack": "D_DO-35_SOD27_P7.62mm_Horizontal", "value": "1N4148", "mount_type": "tht", "place": true}, {"pos_x": 130.25, "pos_y": -45.75, "rotation": 0.0, "side": "top", "designator": "J1", "mpn": null, "pack": "MountingHole_2.2mm_M2_ISO7380_Pad", "value": "Conn_01x01_Female", "mount_type": "tht", "place": true}, {"pos_x": 130.25, "pos_y": -54.75, "rotation": 0.0, "side": "top", "designator": "J2", "mpn": null, "pack": "MountingHole_2.2mm_M2_ISO7380_Pad", "value": "Conn_01x01_Female", "mount_type": "tht", "place": true}, {"pos_x": 38.25, "pos_y": -41.75, "rotation": 0.0, "side": "top", "designator": "J3", "mpn": null, "pack": "MountingHole_2.2mm_M2_ISO7380_Pad", "value": "Conn_01x01_Female", "mount_type": "tht", "place": true}, {"pos_x": 39.0, "pos_y": -69.0, "rotation": 0.0, "side": "top", "designator": "J4", "mpn": null, "pack": "MountingHole_2.2mm_M2_ISO7380_Pad", "value": "Conn_01x01_Female", "mount_type": "tht", "place": true}, {"pos_x": 130.25, "pos_y": -63.75, "rotation": 0.0, "side": "top", "designator": "J5", "mpn": null, "pack": "MountingHole_2.2mm_M2_ISO7380_Pad", "value": "Conn_01x01_Female", "mount_type": "tht", "place": true}, {"pos_x": 38.5, "pos_y": -55.0, "rotation": 0.0, "side": "top", "designator": "J6", "mpn": null, "pack": "MountingHole_2.2mm_M2_ISO7380_Pad", "value": "Conn_01x01_Female", "mount_type": "tht", "place": true}, {"pos_x": 39.0, "pos_y": -35.0, "rotation": 0.0, "side": "top", "designator": "J7", "mpn": null, "pack": "MountingHole_2.2mm_M2_ISO7380_Pad", "value": "Conn_01x01_Female", "mount_type": "tht", "place": true}, {"pos_x": 39.0, "pos_y": -76.0, "rotation": 90.0, "side": "top", "designator": "J8", "mpn": null, "pack": "MountingHole_2.2mm_M2_ISO7380_Pad", "value": "Conn_01x01_Female", "mount_type": "tht", "place": true}, {"pos_x": 131.0, "pos_y": -35.0, "rotation": 0.0, "side": "top", "designator": "J9", "mpn": null, "pack": "MountingHole_2.2mm_M2_ISO7380_Pad", "value": "Conn_01x01_Female", "mount_type": "tht", "place": true}, {"pos_x": 131.0, "pos_y": -76.0, "rotation": 0.0, "side": "top", "designator": "J10", "mpn": null, "pack": "MountingHole_2.2mm_M2_ISO7380_Pad", "value": "Conn_01x01_Female", "mount_type": "tht", "place": true}, {"pos_x": 106.75, "pos_y": -71.0, "rotation": -90.0, "side": "top", "designator": "R1", "mpn": null, "pack": "R_Axial_DIN0204_L3.6mm_D1.6mm_P5.08mm_Horizontal", "value": "100", "mount_type": "tht", "place": true}, {"pos_x": 53.0, "pos_y": -33.58, "rotation": -90.0, "side": "top", "designator": "R2", "mpn": null, "pack": "R_Axial_DIN0204_L3.6mm_D1.6mm_P5.08mm_Horizontal", "value": "56K", "mount_type": "tht", "place": true}, {"pos_x": 47.0, "pos_y": -38.58, "rotation": 90.0, "side": "top", "designator": "R3", "mpn": null, "pack": "R_Axial_DIN0204_L3.6mm_D1.6mm_P5.08mm_Horizontal", "value": "1M", "mount_type": "tht", "place": true}, {"pos_x": 47.0, "pos_y": -72.0, "rotation": -90.0, "side": "top", "designator": "R4", "mpn": null, "pack": "R_Axial_DIN0204_L3.6mm_D1.6mm_P5.08mm_Horizontal", "value": "1M", "mount_type": "tht", "place": true}, {"pos_x": 114.5, "pos_y": -41.5, "rotation": 180.0, "side": "top", "designator": "R5", "mpn": null, "pack": "R_Axial_DIN0204_L3.6mm_D1.6mm_P5.08mm_Horizontal", "value": "4.7K", "mount_type": "tht", "place": true}, {"pos_x": 125.0, "pos_y": -52.42, "rotation": -90.0, "side": "top", "designator": "R6", "mpn": null, "pack": "R_Axial_DIN0204_L3.6mm_D1.6mm_P5.08mm_Horizontal", "value": "4.7K", "mount_type": "tht", "place": true}, {"pos_x": 108.0, "pos_y": -39.08, "rotation": 90.0, "side": "top", "designator": "R7", "mpn": null, "pack": "R_Axial_DIN0204_L3.6mm_D1.6mm_P5.08mm_Horizontal", "value": "470", "mount_type": "tht", "place": true}, {"pos_x": 114.75, "pos_y": -68.75, "rotation": 180.0, "side": "top", "designator": "R8", "mpn": null, "pack": "R_Axial_DIN0204_L3.6mm_D1.6mm_P5.08mm_Horizontal", "value": "470", "mount_type": "tht", "place": true}, {"pos_x": 68.92, "pos_y": -47.0, "rotation": 0.0, "side": "top", "designator": "R9", "mpn": null, "pack": "R_Axial_DIN0204_L3.6mm_D1.6mm_P5.08mm_Horizontal", "value": "100", "mount_type": "tht", "place": true}, {"pos_x": 53.0, "pos_y": -72.0, "rotation": -90.0, "side": "top", "designator": "R10", "mpn": null, "pack": "R_Axial_DIN0204_L3.6mm_D1.6mm_P5.08mm_Horizontal", "value": "56K", "mount_type": "tht", "place": true}, {"pos_x": 68.92, "pos_y": -64.0, "rotation": 0.0, "side": "top", "designator": "R11", "mpn": null, "pack": "R_Axial_DIN0204_L3.6mm_D1.6mm_P5.08mm_Horizontal", "value": "100", "mount_type": "tht", "place": true}, {"pos_x": 94.25, "pos_y": -61.25, "rotation": 180.0, "side": "top", "designator": "R12", "mpn": null, "pack": "R_Axial_DIN0204_L3.6mm_D1.6mm_P5.08mm_Horizontal", "value": "1K", "mount_type": "tht", "place": true}, {"pos_x": 94.25, "pos_y": -63.75, "rotation": 180.0, "side": "top", "designator": "R13", "mpn": null, "pack": "R_Axial_DIN0204_L3.6mm_D1.6mm_P5.08mm_Horizontal", "value": "3K", "mount_type": "tht", "place": true}, {"pos_x": 94.33, "pos_y": -66.25, "rotation": 180.0, "side": "top", "designator": "R14", "mpn": null, "pack": "R_Axial_DIN0204_L3.6mm_D1.6mm_P5.08mm_Horizontal", "value": "4K", "mount_type": "tht", "place": true}, {"pos_x": 94.33, "pos_y": -69.0, "rotation": 180.0, "side": "top", "designator": "R15", "mpn": null, "pack": "R_Axial_DIN0204_L3.6mm_D1.6mm_P5.08mm_Horizontal", "value": "5K", "mount_type": "tht", "place": true}, {"pos_x": 94.33, "pos_y": -71.5, "rotation": 180.0, "side": "top", "designator": "R16", "mpn": null, "pack": "R_Axial_DIN0204_L3.6mm_D1.6mm_P5.08mm_Horizontal", "value": "6K", "mount_type": "tht", "place": true}, {"pos_x": 94.33, "pos_y": -74.0, "rotation": 180.0, "side": "top", "designator": "R17", "mpn": null, "pack": "R_Axial_DIN0204_L3.6mm_D1.6mm_P5.08mm_Horizontal", "value": "7K", "mount_type": "tht", "place": true}, {"pos_x": 94.33, "pos_y": -76.5, "rotation": 180.0, "side": "top", "designator": "R18", "mpn": null, "pack": "R_Axial_DIN0204_L3.6mm_D1.6mm_P5.08mm_Horizontal", "value": "8K", "mount_type": "tht", "place": true}, {"pos_x": 94.0, "pos_y": -36.5, "rotation": 180.0, "side": "top", "designator": "R20", "mpn": null, "pack": "R_Axial_DIN0204_L3.6mm_D1.6mm_P5.08mm_Horizontal", "value": "1K", "mount_type": "tht", "place": true}, {"pos_x": 94.0, "pos_y": -39.0, "rotation": 180.0, "side": "top", "designator": "R21", "mpn": null, "pack": "R_Axial_DIN0204_L3.6mm_D1.6mm_P5.08mm_Horizontal", "value": "3K", "mount_type": "tht", "place": true}, {"pos_x": 94.0, "pos_y": -41.5, "rotation": 180.0, "side": "top", "designator": "R22", "mpn": null, "pack": "R_Axial_DIN0204_L3.6mm_D1.6mm_P5.08mm_Horizontal", "value": "4K", "mount_type": "tht", "place": true}, {"pos_x": 94.0, "pos_y": -44.0, "rotation": 180.0, "side": "top", "designator": "R23", "mpn": null, "pack": "R_Axial_DIN0204_L3.6mm_D1.6mm_P5.08mm_Horizontal", "value": "5K", "mount_type": "tht", "place": true}, {"pos_x": 94.0, "pos_y": -46.75, "rotation": 180.0, "side": "top", "designator": "R24", "mpn": null, "pack": "R_Axial_DIN0204_L3.6mm_D1.6mm_P5.08mm_Horizontal", "value": "6K", "mount_type": "tht", "place": true}, {"pos_x": 94.0, "pos_y": -49.25, "rotation": 180.0, "side": "top", "designator": "R25", "mpn": null, "pack": "R_Axial_DIN0204_L3.6mm_D1.6mm_P5.08mm_Horizontal", "value": "7K", "mount_type": "tht", "place": true}, {"pos_x": 94.0, "pos_y": -51.75, "rotation": 180.0, "side": "top", "designator": "R26", "mpn": null, "pack": "R_Axial_DIN0204_L3.6mm_D1.6mm_P5.08mm_Horizontal", "value": "8K", "mount_type": "tht", "place": true}, {"pos_x": 78.8, "pos_y": -58.8, "rotation": 0.0, "side": "top", "designator": "SW1", "mpn": null, "pack": "DIP-16_W7.62mm", "value": "JS0108AP4-S", "mount_type": "tht", "place": true}, {"pos_x": 78.35, "pos_y": -34.0, "rotation": 0.0, "side": "top", "designator": "SW2", "mpn": null, "pack": "DIP-16_W7.62mm", "value": "JS0108AP4-S", "mount_type": "tht", "place": true}, {"pos_x": 74.0, "pos_y": -38.5, "rotation": 90.0, "side": "top", "designator": "C1", "mpn": null, "pack": "C_Disc_D5.0mm_W2.5mm_P5.00mm", "value": "0.1uF", "mount_type": "tht", "place": true}, {"pos_x": 100.0, "pos_y": -40.5, "rotation": 0.0, "side": "top", "designator": "C9", "mpn": null, "pack": "CP_Radial_D5.0mm_P2.00mm", "value": "47uF", "mount_type": "tht", "place": true}, {"pos_x": 100.5, "pos_y": -55.5, "rotation": 0.0, "side": "top", "designator": "C3", "mpn": null, "pack": "CP_Radial_D6.3mm_P2.50mm", "value": "33uF", "mount_type": "tht", "place": true}, {"pos_x": 94.25, "pos_y": -58.75, "rotation": 180.0, "side": "top", "designator": "R19", "mpn": null, "pack": "R_Axial_DIN0204_L3.6mm_D1.6mm_P5.08mm_Horizontal", "value": "700", "mount_type": "tht", "place": true}, {"pos_x": 94.08, "pos_y": -34.0, "rotation": 180.0, "side": "top", "designator": "R27", "mpn": null, "pack": "R_Axial_DIN0204_L3.6mm_D1.6mm_P5.08mm_Horizontal", "value": "700", "mount_type": "tht", "place": true}, {"pos_x": 66.0, "pos_y": -59.12, "rotation": 90.0, "side": "top", "designator": "U1", "mpn": null, "pack": "DIP-8_W7.62mm", "value": "TL082BCP ", "mount_type": "tht", "place": true}]